count,35
mean,19.657143
std,13.835043
min,1
25%,11
50%,18
75%,29.5
max,57
